--
-- PostgreSQL database dump
--

-- Dumped from database version 17.4
-- Dumped by pg_dump version 17.1

SET statement_timeout = 0;
SET lock_timeout = 0;
SET idle_in_transaction_session_timeout = 0;
SET transaction_timeout = 0;
SET client_encoding = 'UTF8';
SET standard_conforming_strings = on;
SELECT pg_catalog.set_config('search_path', '', false);
SET check_function_bodies = false;
SET xmloption = content;
SET client_min_messages = warning;
SET row_security = off;

SET default_tablespace = '';

SET default_table_access_method = heap;

--
-- Name: carts; Type: TABLE; Schema: public; Owner: postgres
--

CREATE TABLE public.carts (
    user_id integer NOT NULL,
    product_id integer NOT NULL,
    count integer DEFAULT 1 NOT NULL,
    id integer NOT NULL
);


ALTER TABLE public.carts OWNER TO postgres;

--
-- Name: carts_id_seq; Type: SEQUENCE; Schema: public; Owner: postgres
--

CREATE SEQUENCE public.carts_id_seq
    AS integer
    START WITH 1
    INCREMENT BY 1
    NO MINVALUE
    NO MAXVALUE
    CACHE 1;


ALTER SEQUENCE public.carts_id_seq OWNER TO postgres;

--
-- Name: carts_id_seq; Type: SEQUENCE OWNED BY; Schema: public; Owner: postgres
--

ALTER SEQUENCE public.carts_id_seq OWNED BY public.carts.id;


--
-- Name: categories; Type: TABLE; Schema: public; Owner: postgres
--

CREATE TABLE public.categories (
    id integer NOT NULL,
    name character varying(50),
    created_at timestamp without time zone DEFAULT now() NOT NULL
);


ALTER TABLE public.categories OWNER TO postgres;

--
-- Name: categories_id_seq; Type: SEQUENCE; Schema: public; Owner: postgres
--

CREATE SEQUENCE public.categories_id_seq
    AS integer
    START WITH 1
    INCREMENT BY 1
    NO MINVALUE
    NO MAXVALUE
    CACHE 1;


ALTER SEQUENCE public.categories_id_seq OWNER TO postgres;

--
-- Name: categories_id_seq; Type: SEQUENCE OWNED BY; Schema: public; Owner: postgres
--

ALTER SEQUENCE public.categories_id_seq OWNED BY public.categories.id;


--
-- Name: fcm_tokens; Type: TABLE; Schema: public; Owner: postgres
--

CREATE TABLE public.fcm_tokens (
    id uuid DEFAULT gen_random_uuid() NOT NULL,
    token character varying NOT NULL,
    user_id integer NOT NULL,
    expired_time timestamp with time zone DEFAULT (now() + '00:10:00'::interval) NOT NULL
);


ALTER TABLE public.fcm_tokens OWNER TO postgres;

--
-- Name: gallery; Type: TABLE; Schema: public; Owner: postgres
--

CREATE TABLE public.gallery (
    id integer NOT NULL,
    image text NOT NULL,
    description text NOT NULL,
    date date NOT NULL,
    created_at timestamp without time zone DEFAULT now(),
    updated_at timestamp without time zone DEFAULT now()
);


ALTER TABLE public.gallery OWNER TO postgres;

--
-- Name: gallery_id_seq; Type: SEQUENCE; Schema: public; Owner: postgres
--

CREATE SEQUENCE public.gallery_id_seq
    AS integer
    START WITH 1
    INCREMENT BY 1
    NO MINVALUE
    NO MAXVALUE
    CACHE 1;


ALTER SEQUENCE public.gallery_id_seq OWNER TO postgres;

--
-- Name: gallery_id_seq; Type: SEQUENCE OWNED BY; Schema: public; Owner: postgres
--

ALTER SEQUENCE public.gallery_id_seq OWNED BY public.gallery.id;


--
-- Name: payments; Type: TABLE; Schema: public; Owner: postgres
--

CREATE TABLE public.payments (
    code character varying(10) NOT NULL,
    name character varying(255),
    min_amount integer DEFAULT 0 NOT NULL,
    max_amount integer DEFAULT 0 NOT NULL,
    fee integer DEFAULT 0 NOT NULL,
    id integer NOT NULL
);


ALTER TABLE public.payments OWNER TO postgres;

--
-- Name: payments_id_seq; Type: SEQUENCE; Schema: public; Owner: postgres
--

ALTER TABLE public.payments ALTER COLUMN id ADD GENERATED BY DEFAULT AS IDENTITY (
    SEQUENCE NAME public.payments_id_seq
    START WITH 1
    INCREMENT BY 1
    NO MINVALUE
    NO MAXVALUE
    CACHE 1
);


--
-- Name: products; Type: TABLE; Schema: public; Owner: postgres
--

CREATE TABLE public.products (
    id integer NOT NULL,
    name character varying(55),
    price integer DEFAULT 0 NOT NULL,
    created_at timestamp without time zone DEFAULT now() NOT NULL,
    category_id integer DEFAULT 0 NOT NULL,
    img character varying(255),
    "desc" text
);


ALTER TABLE public.products OWNER TO postgres;

--
-- Name: products_id_seq; Type: SEQUENCE; Schema: public; Owner: postgres
--

CREATE SEQUENCE public.products_id_seq
    AS integer
    START WITH 1
    INCREMENT BY 1
    NO MINVALUE
    NO MAXVALUE
    CACHE 1;


ALTER SEQUENCE public.products_id_seq OWNER TO postgres;

--
-- Name: products_id_seq; Type: SEQUENCE OWNED BY; Schema: public; Owner: postgres
--

ALTER SEQUENCE public.products_id_seq OWNED BY public.products.id;


--
-- Name: transactions; Type: TABLE; Schema: public; Owner: postgres
--

CREATE TABLE public.transactions (
    id integer NOT NULL,
    user_id integer DEFAULT 0 NOT NULL,
    promo_id integer DEFAULT 0 NOT NULL,
    shipping_address character varying(255),
    transaction_time timestamp without time zone DEFAULT now(),
    notes text,
    status_id integer DEFAULT 1 NOT NULL,
    payment_id integer,
    grand_total integer DEFAULT 0
);


ALTER TABLE public.transactions OWNER TO postgres;

--
-- Name: transactions_id_seq; Type: SEQUENCE; Schema: public; Owner: postgres
--

CREATE SEQUENCE public.transactions_id_seq
    AS integer
    START WITH 1
    INCREMENT BY 1
    NO MINVALUE
    NO MAXVALUE
    CACHE 1;


ALTER SEQUENCE public.transactions_id_seq OWNER TO postgres;

--
-- Name: transactions_id_seq; Type: SEQUENCE OWNED BY; Schema: public; Owner: postgres
--

ALTER SEQUENCE public.transactions_id_seq OWNED BY public.transactions.id;


--
-- Name: promo; Type: TABLE; Schema: public; Owner: postgres
--

CREATE TABLE public.promo (
    id integer DEFAULT nextval('public.transactions_id_seq'::regclass) NOT NULL,
    name character varying(100) NOT NULL,
    "desc" text NOT NULL,
    discount integer,
    start_date date,
    end_date date,
    coupon_code character varying(25) NOT NULL,
    product_id bigint,
    img character varying,
    CONSTRAINT promo_disc_check CHECK (((discount >= 1) AND (discount <= 100)))
);


ALTER TABLE public.promo OWNER TO postgres;

--
-- Name: promo_id_seq; Type: SEQUENCE; Schema: public; Owner: postgres
--

CREATE SEQUENCE public.promo_id_seq
    AS integer
    START WITH 1
    INCREMENT BY 1
    NO MINVALUE
    NO MAXVALUE
    CACHE 1;


ALTER SEQUENCE public.promo_id_seq OWNER TO postgres;

--
-- Name: promo_id_seq; Type: SEQUENCE OWNED BY; Schema: public; Owner: postgres
--

ALTER SEQUENCE public.promo_id_seq OWNED BY public.promo.id;


--
-- Name: reset_password; Type: TABLE; Schema: public; Owner: postgres
--

CREATE TABLE public.reset_password (
    id integer NOT NULL,
    user_id integer NOT NULL,
    verify character varying NOT NULL,
    code character varying(8) NOT NULL,
    expired_at timestamp without time zone DEFAULT (CURRENT_TIMESTAMP + '00:10:00'::interval) NOT NULL
);


ALTER TABLE public.reset_password OWNER TO postgres;

--
-- Name: reset_password_id_seq; Type: SEQUENCE; Schema: public; Owner: postgres
--

CREATE SEQUENCE public.reset_password_id_seq
    AS integer
    START WITH 1
    INCREMENT BY 1
    NO MINVALUE
    NO MAXVALUE
    CACHE 1;


ALTER SEQUENCE public.reset_password_id_seq OWNER TO postgres;

--
-- Name: reset_password_id_seq; Type: SEQUENCE OWNED BY; Schema: public; Owner: postgres
--

ALTER SEQUENCE public.reset_password_id_seq OWNED BY public.reset_password.id;


--
-- Name: roles; Type: TABLE; Schema: public; Owner: postgres
--

CREATE TABLE public.roles (
    id integer NOT NULL,
    name character varying NOT NULL
);


ALTER TABLE public.roles OWNER TO postgres;

--
-- Name: roles_id_seq; Type: SEQUENCE; Schema: public; Owner: postgres
--

CREATE SEQUENCE public.roles_id_seq
    AS integer
    START WITH 1
    INCREMENT BY 1
    NO MINVALUE
    NO MAXVALUE
    CACHE 1;


ALTER SEQUENCE public.roles_id_seq OWNER TO postgres;

--
-- Name: roles_id_seq; Type: SEQUENCE OWNED BY; Schema: public; Owner: postgres
--

ALTER SEQUENCE public.roles_id_seq OWNED BY public.roles.id;


--
-- Name: status; Type: TABLE; Schema: public; Owner: postgres
--

CREATE TABLE public.status (
    id integer NOT NULL,
    name character varying
);


ALTER TABLE public.status OWNER TO postgres;

--
-- Name: status_id_seq; Type: SEQUENCE; Schema: public; Owner: postgres
--

CREATE SEQUENCE public.status_id_seq
    AS integer
    START WITH 1
    INCREMENT BY 1
    NO MINVALUE
    NO MAXVALUE
    CACHE 1;


ALTER SEQUENCE public.status_id_seq OWNER TO postgres;

--
-- Name: status_id_seq; Type: SEQUENCE OWNED BY; Schema: public; Owner: postgres
--

ALTER SEQUENCE public.status_id_seq OWNED BY public.status.id;


--
-- Name: testimonials; Type: TABLE; Schema: public; Owner: postgres
--

CREATE TABLE public.testimonials (
    id integer NOT NULL,
    name character varying(100) NOT NULL,
    location character varying(100) NOT NULL,
    rating numeric(2,1) NOT NULL,
    text text NOT NULL,
    image text,
    created_at timestamp without time zone DEFAULT CURRENT_TIMESTAMP,
    updated_at timestamp without time zone DEFAULT CURRENT_TIMESTAMP,
    CONSTRAINT testimonials_rating_check CHECK (((rating >= (0)::numeric) AND (rating <= (5)::numeric)))
);


ALTER TABLE public.testimonials OWNER TO postgres;

--
-- Name: testimonials_id_seq; Type: SEQUENCE; Schema: public; Owner: postgres
--

CREATE SEQUENCE public.testimonials_id_seq
    AS integer
    START WITH 1
    INCREMENT BY 1
    NO MINVALUE
    NO MAXVALUE
    CACHE 1;


ALTER SEQUENCE public.testimonials_id_seq OWNER TO postgres;

--
-- Name: testimonials_id_seq; Type: SEQUENCE OWNED BY; Schema: public; Owner: postgres
--

ALTER SEQUENCE public.testimonials_id_seq OWNED BY public.testimonials.id;


--
-- Name: transaction_product_size; Type: TABLE; Schema: public; Owner: postgres
--

CREATE TABLE public.transaction_product_size (
    transaction_id integer NOT NULL,
    product_id integer DEFAULT 0 NOT NULL,
    qty character varying DEFAULT 1 NOT NULL,
    subtotal integer DEFAULT 0 NOT NULL,
    id integer NOT NULL
);


ALTER TABLE public.transaction_product_size OWNER TO postgres;

--
-- Name: transaction_product_size_id_seq; Type: SEQUENCE; Schema: public; Owner: postgres
--

CREATE SEQUENCE public.transaction_product_size_id_seq
    AS integer
    START WITH 1
    INCREMENT BY 1
    NO MINVALUE
    NO MAXVALUE
    CACHE 1;


ALTER SEQUENCE public.transaction_product_size_id_seq OWNER TO postgres;

--
-- Name: transaction_product_size_id_seq; Type: SEQUENCE OWNED BY; Schema: public; Owner: postgres
--

ALTER SEQUENCE public.transaction_product_size_id_seq OWNED BY public.transaction_product_size.id;


--
-- Name: user_profile; Type: TABLE; Schema: public; Owner: postgres
--

CREATE TABLE public.user_profile (
    user_id integer DEFAULT 0 NOT NULL,
    display_name character varying(50),
    first_name character varying(50),
    last_name character varying(50),
    address text,
    birthdate date,
    img character varying(255),
    created_at timestamp without time zone DEFAULT now() NOT NULL,
    gender integer DEFAULT 1 NOT NULL
);


ALTER TABLE public.user_profile OWNER TO postgres;

--
-- Name: users; Type: TABLE; Schema: public; Owner: postgres
--

CREATE TABLE public.users (
    id integer NOT NULL,
    email character varying(50) NOT NULL,
    password character varying(255) NOT NULL,
    phone_number character varying(18),
    role_id integer DEFAULT 1 NOT NULL
);


ALTER TABLE public.users OWNER TO postgres;

--
-- Name: users_id_seq; Type: SEQUENCE; Schema: public; Owner: postgres
--

CREATE SEQUENCE public.users_id_seq
    AS integer
    START WITH 1
    INCREMENT BY 1
    NO MINVALUE
    NO MAXVALUE
    CACHE 1;


ALTER SEQUENCE public.users_id_seq OWNER TO postgres;

--
-- Name: users_id_seq; Type: SEQUENCE OWNED BY; Schema: public; Owner: postgres
--

ALTER SEQUENCE public.users_id_seq OWNED BY public.users.id;


--
-- Name: carts id; Type: DEFAULT; Schema: public; Owner: postgres
--

ALTER TABLE ONLY public.carts ALTER COLUMN id SET DEFAULT nextval('public.carts_id_seq'::regclass);


--
-- Name: categories id; Type: DEFAULT; Schema: public; Owner: postgres
--

ALTER TABLE ONLY public.categories ALTER COLUMN id SET DEFAULT nextval('public.categories_id_seq'::regclass);


--
-- Name: gallery id; Type: DEFAULT; Schema: public; Owner: postgres
--

ALTER TABLE ONLY public.gallery ALTER COLUMN id SET DEFAULT nextval('public.gallery_id_seq'::regclass);


--
-- Name: products id; Type: DEFAULT; Schema: public; Owner: postgres
--

ALTER TABLE ONLY public.products ALTER COLUMN id SET DEFAULT nextval('public.products_id_seq'::regclass);


--
-- Name: reset_password id; Type: DEFAULT; Schema: public; Owner: postgres
--

ALTER TABLE ONLY public.reset_password ALTER COLUMN id SET DEFAULT nextval('public.reset_password_id_seq'::regclass);


--
-- Name: roles id; Type: DEFAULT; Schema: public; Owner: postgres
--

ALTER TABLE ONLY public.roles ALTER COLUMN id SET DEFAULT nextval('public.roles_id_seq'::regclass);


--
-- Name: status id; Type: DEFAULT; Schema: public; Owner: postgres
--

ALTER TABLE ONLY public.status ALTER COLUMN id SET DEFAULT nextval('public.status_id_seq'::regclass);


--
-- Name: testimonials id; Type: DEFAULT; Schema: public; Owner: postgres
--

ALTER TABLE ONLY public.testimonials ALTER COLUMN id SET DEFAULT nextval('public.testimonials_id_seq'::regclass);


--
-- Name: transaction_product_size id; Type: DEFAULT; Schema: public; Owner: postgres
--

ALTER TABLE ONLY public.transaction_product_size ALTER COLUMN id SET DEFAULT nextval('public.transaction_product_size_id_seq'::regclass);


--
-- Name: transactions id; Type: DEFAULT; Schema: public; Owner: postgres
--

ALTER TABLE ONLY public.transactions ALTER COLUMN id SET DEFAULT nextval('public.transactions_id_seq'::regclass);


--
-- Name: users id; Type: DEFAULT; Schema: public; Owner: postgres
--

ALTER TABLE ONLY public.users ALTER COLUMN id SET DEFAULT nextval('public.users_id_seq'::regclass);


--
-- Data for Name: carts; Type: TABLE DATA; Schema: public; Owner: postgres
--

COPY public.carts (user_id, product_id, count, id) FROM stdin;
\.


--
-- Data for Name: categories; Type: TABLE DATA; Schema: public; Owner: postgres
--

COPY public.categories (id, name, created_at) FROM stdin;
1	coffee	2025-03-23 16:09:05.976063
2	non-coffee	2025-03-23 16:09:05.976063
3	food	2025-03-23 16:09:05.976063
4	add-ons	2025-03-23 16:09:05.976063
\.


--
-- Data for Name: fcm_tokens; Type: TABLE DATA; Schema: public; Owner: postgres
--

COPY public.fcm_tokens (id, token, user_id, expired_time) FROM stdin;
\.


--
-- Data for Name: gallery; Type: TABLE DATA; Schema: public; Owner: postgres
--

COPY public.gallery (id, image, description, date, created_at, updated_at) FROM stdin;
7	https://res.cloudinary.com/dlqr7q445/image/upload/v1745806592/gallery/sbpgsf3rxgd4667tyqhy.png	Customer 	2025-04-02	2025-04-27 19:16:34.781454	2025-04-27 19:16:34.781454
8	https://res.cloudinary.com/dlqr7q445/image/upload/v1745806621/gallery/bq2fkgwhyliop6rnolc5.png	Customer Rapat	2025-01-11	2025-04-27 19:17:03.188037	2025-04-27 19:17:03.188037
9	https://res.cloudinary.com/dlqr7q445/image/upload/v1745806647/gallery/k9n2kockwgntfkk6c8xk.png	Customer 	2025-02-04	2025-04-27 19:17:30.526829	2025-04-27 19:17:30.526829
11	https://res.cloudinary.com/dlqr7q445/image/upload/v1745806725/gallery/ze8bmynffi5q3qusz8ay.jpg	Niyo Malam	2025-03-04	2025-04-27 19:18:47.746977	2025-04-27 19:18:47.746977
12	https://res.cloudinary.com/dlqr7q445/image/upload/v1745806766/gallery/bt52ygx4sx35lm1sjsc8.jpg	Kasir Niyo	2024-04-19	2025-04-27 19:19:28.855101	2025-04-27 19:19:28.855101
\.


--
-- Data for Name: payments; Type: TABLE DATA; Schema: public; Owner: postgres
--

COPY public.payments (code, name, min_amount, max_amount, fee, id) FROM stdin;
COD	Cash on Delivery	0	0	0	3
\.


--
-- Data for Name: products; Type: TABLE DATA; Schema: public; Owner: postgres
--

COPY public.products (id, name, price, created_at, category_id, img, "desc") FROM stdin;
8	Milo	8000	2025-04-27 19:07:33.595793	2	https://res.cloudinary.com/dlqr7q445/image/upload/v1745806051/niyocf/product-image-142ca.webp	Milo by Niyo menyajikan rasa cokelat dan malt yang klasik, kaya, dan penuh energi. Perpaduan Milo berkualitas premium dengan susu segar menghasilkan cita rasa yang creamy, manis, dan memanjakan lidah.
15	seblak	10000	2025-04-27 20:08:22.119572	1	https://res.cloudinary.com/dlqr7q445/image/upload/v1745809700/niyocf/product-image-28b54.webp	seblak anjaay dengan ayam anjay, seblak anjaay dengan ayam anjay, seblak anjaay dengan ayam anjay, 
14	Kopi Robusta	5000	2025-04-27 19:46:01.420099	1	https://res.cloudinary.com/dlqr7q445/image/upload/v1745808359/niyocf/product-image-39e16.webp	Kuat, berani, penuh karakter.\r\nDitanam di dataran rendah dengan rasa yang bold dan aroma khas tanah yang pekat, Robusta dari Niyo siap membangunkan indera. Setiap tegukan menghadirkan keasaman rendah, body tebal, dan aftertaste cokelat pahit yang meng
6	Green Teaa	12000	2025-04-27 07:34:15.298595	2	https://res.cloudinary.com/dlqr7q445/image/upload/v1745764454/niyocf/product-image-cfba9.webp	Green Tea dari Niyo Caffe adalah pilihan sempurna bagi Anda yang menginginkan minuman menyegarkan dan menyehatkan. Terbuat dari daun teh hijau pilihan berkualitas tinggi, teh ini memiliki rasa ringan dengan aroma segar dan sedikit rasa manis alami. K
7	Taro	12000	2025-04-27 19:05:41.223539	2	https://res.cloudinary.com/dlqr7q445/image/upload/v1745805939/niyocf/product-image-b0e03.webp	Taro by Niyo menghadirkan rasa khas taro yang lembut dan manis, berpadu dengan creamy-nya susu pilihan. Setiap tegukan membawa cita rasa taro yang autentik dengan sentuhan aroma vanilla yang ringan, menciptakan pengalaman minum yang menenangkan dan m
9	Teluyam	10000	2025-04-27 19:08:57.664218	3	https://res.cloudinary.com/dlqr7q445/image/upload/v1745806135/niyocf/product-image-78675.webp	Teluyam by Niyo adalah perpaduan lezat antara telur orak-arik dan ayam suwir berbumbu spesial. Disajikan hangat dengan tekstur telur yang lembut, ayam yang gurih, dan bumbu racikan khas Niyo yang meresap sempurna.
10	Ayam Goreng	10000	2025-04-27 19:10:19.801508	3	https://res.cloudinary.com/dlqr7q445/image/upload/v1745806217/niyocf/product-image-e162a.webp	Teluyam by Niyo adalah perpaduan lezat antara telur orak-arik dan ayam suwir berbumbu spesial. Disajikan hangat dengan tekstur telur yang lembut, ayam yang gurih, dan bumbu racikan khas Niyo yang meresap sempurna.
11	Red Velvet	12000	2025-04-27 19:12:16.549249	2	https://res.cloudinary.com/dlqr7q445/image/upload/v1745806333/niyocf/product-image-b734e.webp	Red Velvet by Niyo menghadirkan rasa manis, creamy, dan sedikit hint cokelat yang khas dari red velvet asli. Dibuat dengan racikan premium, minuman ini menawarkan warna merah yang menggoda dan rasa lembut yang memanjakan lidah.
12	Mie Goreng	8000	2025-04-27 19:13:14.92336	3	https://res.cloudinary.com/dlqr7q445/image/upload/v1745806393/niyocf/product-image-cc4b4.webp	Mie Goreng by Niyo adalah sajian mie kenyal yang digoreng sempurna dengan bumbu spesial khas Niyo. Perpaduan rasa manis, gurih, dan sedikit pedas menciptakan sensasi lezat dalam setiap suapan.
13	Seblak	10000	2025-04-27 19:15:00.944918	3	https://res.cloudinary.com/dlqr7q445/image/upload/v1745806499/niyocf/product-image-edaf3.webp	Seblak by Niyo menghadirkan kenikmatan pedas gurih khas Bandung dengan rasa yang autentik dan nagih. Kerupuk basah yang kenyal berpadu dengan topping melimpah seperti bakso, sosis, mie, dan sayuran segar, disiram dengan kuah seblak bumbu spesial yang
\.


--
-- Data for Name: promo; Type: TABLE DATA; Schema: public; Owner: postgres
--

COPY public.promo (id, name, "desc", discount, start_date, end_date, coupon_code, product_id, img) FROM stdin;
7	Promo 5k Untuk Green Teaa	Promo hanya untuk hari ini!!	41	2025-04-27	2025-04-28	DDD123	6	https://res.cloudinary.com/dlqr7q445/image/upload/v1745787371/niyocf/promo-image-7.webp
0	No Promo Applied	Placeholder for no promo	\N	\N	\N	NOPLACEHOLDER	\N	\N
2	Promo 5k Untuk Taro	 Promo hanya untuk hari ini!\r\n	34	2025-05-18	2025-05-18	DIDIY1	7	https://res.cloudinary.com/dlqr7q445/image/upload/v1748097201/niyocf/promo-image-797f1.webp
\.


--
-- Data for Name: reset_password; Type: TABLE DATA; Schema: public; Owner: postgres
--

COPY public.reset_password (id, user_id, verify, code, expired_at) FROM stdin;
\.


--
-- Data for Name: roles; Type: TABLE DATA; Schema: public; Owner: postgres
--

COPY public.roles (id, name) FROM stdin;
1	member
2	admin
\.


--
-- Data for Name: status; Type: TABLE DATA; Schema: public; Owner: postgres
--

COPY public.status (id, name) FROM stdin;
1	Pending
2	Done
\.


--
-- Data for Name: testimonials; Type: TABLE DATA; Schema: public; Owner: postgres
--

COPY public.testimonials (id, name, location, rating, text, image, created_at, updated_at) FROM stdin;
8	seblak	surabaya	3.0	enak	\N	2025-05-16 00:04:14.157789	2025-05-16 00:04:14.157789
\.


--
-- Data for Name: transaction_product_size; Type: TABLE DATA; Schema: public; Owner: postgres
--

COPY public.transaction_product_size (transaction_id, product_id, qty, subtotal, id) FROM stdin;
1	7	1	12000	8
16	7	1	12000	24
17	13	1	10000	25
18	13	1	10000	26
19	10	1	10000	27
20	13	1	10000	28
21	13	1	10000	29
22	12	1	8000	30
23	13	1	10000	31
24	11	1	12000	32
\.


--
-- Data for Name: transactions; Type: TABLE DATA; Schema: public; Owner: postgres
--

COPY public.transactions (id, user_id, promo_id, shipping_address, transaction_time, notes, status_id, payment_id, grand_total) FROM stdin;
16	11	0		2025-05-24 09:34:19.566646		1	3	12000
17	11	0	turu	2025-05-24 09:35:07.797764		1	3	10000
18	11	0	gj	2025-05-24 09:39:22.916847		1	3	10000
19	11	0	jkj	2025-05-24 09:59:56.924993		1	3	10000
20	11	0		2025-05-24 10:07:10.811665		1	3	10000
21	11	0	dawd	2025-05-24 10:08:10.921375		1	3	10000
22	11	0	asda	2025-05-24 10:10:06.116016		1	3	8000
23	11	0	dasd	2025-05-24 10:15:32.076773		1	3	10000
24	11	0		2025-05-24 10:17:33.689857		1	3	12000
1	10	0	Table no 4	2025-05-24 06:38:55.510415		2	3	12000
\.


--
-- Data for Name: user_profile; Type: TABLE DATA; Schema: public; Owner: postgres
--

COPY public.user_profile (user_id, display_name, first_name, last_name, address, birthdate, img, created_at, gender) FROM stdin;
9	\N	\N	\N	\N	\N	\N	2025-04-16 17:38:41.169103	1
10	faiz	\N	\N	\N	2025-05-24	\N	2025-04-27 05:46:34.712196	1
11	Nopal	\N	\N	\N	2025-05-24	\N	2025-05-24 07:30:37.244501	1
\.


--
-- Data for Name: users; Type: TABLE DATA; Schema: public; Owner: postgres
--

COPY public.users (id, email, password, phone_number, role_id) FROM stdin;
9	admin@mail.com	$2b$15$jx6t91htY5HWfKq9lroqk.XJgxy4vCDbS4AdpHM1eaB8ZiKRJTF1.	0821235867	2
10	bestvatp@gmail.com	$2b$15$mEo9XvW9PK5PjHSIzZeUzegMvgWP7A937J8rJGuqQ9kviOvcPTdWK	08212345678	1
11	user@user.com	$2b$15$.e1XPJ3GedGy8IymrAB.Qu5whTYoMUDsWDlWqYnd0xIwo3O39F3vW	082123581796	1
\.


--
-- Name: carts_id_seq; Type: SEQUENCE SET; Schema: public; Owner: postgres
--

SELECT pg_catalog.setval('public.carts_id_seq', 1, false);


--
-- Name: categories_id_seq; Type: SEQUENCE SET; Schema: public; Owner: postgres
--

SELECT pg_catalog.setval('public.categories_id_seq', 1, false);


--
-- Name: gallery_id_seq; Type: SEQUENCE SET; Schema: public; Owner: postgres
--

SELECT pg_catalog.setval('public.gallery_id_seq', 13, true);


--
-- Name: payments_id_seq; Type: SEQUENCE SET; Schema: public; Owner: postgres
--

SELECT pg_catalog.setval('public.payments_id_seq', 1, false);


--
-- Name: products_id_seq; Type: SEQUENCE SET; Schema: public; Owner: postgres
--

SELECT pg_catalog.setval('public.products_id_seq', 15, true);


--
-- Name: promo_id_seq; Type: SEQUENCE SET; Schema: public; Owner: postgres
--

SELECT pg_catalog.setval('public.promo_id_seq', 8, true);


--
-- Name: reset_password_id_seq; Type: SEQUENCE SET; Schema: public; Owner: postgres
--

SELECT pg_catalog.setval('public.reset_password_id_seq', 1, false);


--
-- Name: roles_id_seq; Type: SEQUENCE SET; Schema: public; Owner: postgres
--

SELECT pg_catalog.setval('public.roles_id_seq', 1, false);


--
-- Name: status_id_seq; Type: SEQUENCE SET; Schema: public; Owner: postgres
--

SELECT pg_catalog.setval('public.status_id_seq', 1, false);


--
-- Name: testimonials_id_seq; Type: SEQUENCE SET; Schema: public; Owner: postgres
--

SELECT pg_catalog.setval('public.testimonials_id_seq', 8, true);


--
-- Name: transaction_product_size_id_seq; Type: SEQUENCE SET; Schema: public; Owner: postgres
--

SELECT pg_catalog.setval('public.transaction_product_size_id_seq', 32, true);


--
-- Name: transactions_id_seq; Type: SEQUENCE SET; Schema: public; Owner: postgres
--

SELECT pg_catalog.setval('public.transactions_id_seq', 24, true);


--
-- Name: users_id_seq; Type: SEQUENCE SET; Schema: public; Owner: postgres
--

SELECT pg_catalog.setval('public.users_id_seq', 11, true);


--
-- Name: carts carts_pk; Type: CONSTRAINT; Schema: public; Owner: postgres
--

ALTER TABLE ONLY public.carts
    ADD CONSTRAINT carts_pk PRIMARY KEY (id);


--
-- Name: categories categories_pkey; Type: CONSTRAINT; Schema: public; Owner: postgres
--

ALTER TABLE ONLY public.categories
    ADD CONSTRAINT categories_pkey PRIMARY KEY (id);


--
-- Name: gallery gallery_pkey; Type: CONSTRAINT; Schema: public; Owner: postgres
--

ALTER TABLE ONLY public.gallery
    ADD CONSTRAINT gallery_pkey PRIMARY KEY (id);


--
-- Name: transactions history_pkey; Type: CONSTRAINT; Schema: public; Owner: postgres
--

ALTER TABLE ONLY public.transactions
    ADD CONSTRAINT history_pkey PRIMARY KEY (id);


--
-- Name: fcm_tokens no_duplicate_token_in_1_id; Type: CONSTRAINT; Schema: public; Owner: postgres
--

ALTER TABLE ONLY public.fcm_tokens
    ADD CONSTRAINT no_duplicate_token_in_1_id UNIQUE (token, user_id);


--
-- Name: payments payments_id_key; Type: CONSTRAINT; Schema: public; Owner: postgres
--

ALTER TABLE ONLY public.payments
    ADD CONSTRAINT payments_id_key UNIQUE (id);


--
-- Name: payments payments_pk; Type: CONSTRAINT; Schema: public; Owner: postgres
--

ALTER TABLE ONLY public.payments
    ADD CONSTRAINT payments_pk PRIMARY KEY (code);


--
-- Name: users phone_number_unique; Type: CONSTRAINT; Schema: public; Owner: postgres
--

ALTER TABLE ONLY public.users
    ADD CONSTRAINT phone_number_unique UNIQUE (phone_number);


--
-- Name: products products_pkey; Type: CONSTRAINT; Schema: public; Owner: postgres
--

ALTER TABLE ONLY public.products
    ADD CONSTRAINT products_pkey PRIMARY KEY (id);


--
-- Name: user_profile profile_user_id_as_pk; Type: CONSTRAINT; Schema: public; Owner: postgres
--

ALTER TABLE ONLY public.user_profile
    ADD CONSTRAINT profile_user_id_as_pk PRIMARY KEY (user_id);


--
-- Name: promo promo_pkey; Type: CONSTRAINT; Schema: public; Owner: postgres
--

ALTER TABLE ONLY public.promo
    ADD CONSTRAINT promo_pkey PRIMARY KEY (id);


--
-- Name: reset_password reset_password_pk; Type: CONSTRAINT; Schema: public; Owner: postgres
--

ALTER TABLE ONLY public.reset_password
    ADD CONSTRAINT reset_password_pk PRIMARY KEY (id);


--
-- Name: roles roles_pk; Type: CONSTRAINT; Schema: public; Owner: postgres
--

ALTER TABLE ONLY public.roles
    ADD CONSTRAINT roles_pk PRIMARY KEY (id);


--
-- Name: status status_pk; Type: CONSTRAINT; Schema: public; Owner: postgres
--

ALTER TABLE ONLY public.status
    ADD CONSTRAINT status_pk PRIMARY KEY (id);


--
-- Name: testimonials testimonials_pkey; Type: CONSTRAINT; Schema: public; Owner: postgres
--

ALTER TABLE ONLY public.testimonials
    ADD CONSTRAINT testimonials_pkey PRIMARY KEY (id);


--
-- Name: transaction_product_size transaction_product_size_pk; Type: CONSTRAINT; Schema: public; Owner: postgres
--

ALTER TABLE ONLY public.transaction_product_size
    ADD CONSTRAINT transaction_product_size_pk PRIMARY KEY (id);


--
-- Name: users unique_users_email; Type: CONSTRAINT; Schema: public; Owner: postgres
--

ALTER TABLE ONLY public.users
    ADD CONSTRAINT unique_users_email UNIQUE (email);


--
-- Name: users users_pkey; Type: CONSTRAINT; Schema: public; Owner: postgres
--

ALTER TABLE ONLY public.users
    ADD CONSTRAINT users_pkey PRIMARY KEY (id);


--
-- Name: carts cart_product_fk; Type: FK CONSTRAINT; Schema: public; Owner: postgres
--

ALTER TABLE ONLY public.carts
    ADD CONSTRAINT cart_product_fk FOREIGN KEY (product_id) REFERENCES public.products(id);


--
-- Name: carts cart_user_fk; Type: FK CONSTRAINT; Schema: public; Owner: postgres
--

ALTER TABLE ONLY public.carts
    ADD CONSTRAINT cart_user_fk FOREIGN KEY (user_id) REFERENCES public.users(id);


--
-- Name: fcm_tokens fcm_tokens_fk; Type: FK CONSTRAINT; Schema: public; Owner: postgres
--

ALTER TABLE ONLY public.fcm_tokens
    ADD CONSTRAINT fcm_tokens_fk FOREIGN KEY (user_id) REFERENCES public.users(id);


--
-- Name: products product_category_fk; Type: FK CONSTRAINT; Schema: public; Owner: postgres
--

ALTER TABLE ONLY public.products
    ADD CONSTRAINT product_category_fk FOREIGN KEY (category_id) REFERENCES public.categories(id);


--
-- Name: promo promo_fk; Type: FK CONSTRAINT; Schema: public; Owner: postgres
--

ALTER TABLE ONLY public.promo
    ADD CONSTRAINT promo_fk FOREIGN KEY (product_id) REFERENCES public.products(id) ON UPDATE CASCADE ON DELETE CASCADE;


--
-- Name: reset_password reset_password_fk; Type: FK CONSTRAINT; Schema: public; Owner: postgres
--

ALTER TABLE ONLY public.reset_password
    ADD CONSTRAINT reset_password_fk FOREIGN KEY (user_id) REFERENCES public.users(id);


--
-- Name: transaction_product_size tps_sizeid; Type: FK CONSTRAINT; Schema: public; Owner: postgres
--

ALTER TABLE ONLY public.transaction_product_size
    ADD CONSTRAINT tps_sizeid FOREIGN KEY (product_id) REFERENCES public.products(id);


--
-- Name: transaction_product_size transaction_product_size_fk; Type: FK CONSTRAINT; Schema: public; Owner: postgres
--

ALTER TABLE ONLY public.transaction_product_size
    ADD CONSTRAINT transaction_product_size_fk FOREIGN KEY (transaction_id) REFERENCES public.transactions(id);


--
-- Name: transactions transactions_payment_id_fkey; Type: FK CONSTRAINT; Schema: public; Owner: postgres
--

ALTER TABLE ONLY public.transactions
    ADD CONSTRAINT transactions_payment_id_fkey FOREIGN KEY (payment_id) REFERENCES public.payments(id);


--
-- Name: transactions transactions_promo_id_fkey; Type: FK CONSTRAINT; Schema: public; Owner: postgres
--

ALTER TABLE ONLY public.transactions
    ADD CONSTRAINT transactions_promo_id_fkey FOREIGN KEY (promo_id) REFERENCES public.promo(id) ON UPDATE CASCADE ON DELETE CASCADE;


--
-- Name: transactions transactions_status_id_fkey; Type: FK CONSTRAINT; Schema: public; Owner: postgres
--

ALTER TABLE ONLY public.transactions
    ADD CONSTRAINT transactions_status_id_fkey FOREIGN KEY (status_id) REFERENCES public.status(id);


--
-- Name: transactions transactions_user_id_fkey; Type: FK CONSTRAINT; Schema: public; Owner: postgres
--

ALTER TABLE ONLY public.transactions
    ADD CONSTRAINT transactions_user_id_fkey FOREIGN KEY (user_id) REFERENCES public.users(id);


--
-- Name: user_profile user_profile_fk; Type: FK CONSTRAINT; Schema: public; Owner: postgres
--

ALTER TABLE ONLY public.user_profile
    ADD CONSTRAINT user_profile_fk FOREIGN KEY (user_id) REFERENCES public.users(id) ON DELETE CASCADE;


--
-- Name: users users_role; Type: FK CONSTRAINT; Schema: public; Owner: postgres
--

ALTER TABLE ONLY public.users
    ADD CONSTRAINT users_role FOREIGN KEY (role_id) REFERENCES public.roles(id);


--
-- PostgreSQL database dump complete
--

